_key,_from,_to,accessTimestamp,accessType
bcedba53215b807e56f4eefce549c85f,BankAccount/acct_42_000000,DigitalLocation/dig_42_000004,2025-11-27T00:00:42Z,Transaction
48b237f576e06809e2f640c42fce7fd3,BankAccount/acct_42_000001,DigitalLocation/dig_42_000001,2025-12-20T00:00:42Z,Login
c8bdfd09dc644ad5d2f0f7fa3241f949,BankAccount/acct_42_000002,DigitalLocation/dig_42_000001,2025-12-18T00:00:42Z,Login
0f1158d1c458804503e4927571bad4a4,BankAccount/acct_42_000003,DigitalLocation/dig_42_000001,2025-12-02T00:00:42Z,Transaction
2081242c82b3c01b0eacf66af263bb11,BankAccount/acct_42_000004,DigitalLocation/dig_42_000005,2025-11-17T00:00:42Z,Transaction
211b33535128291c1d961836e3378a5c,BankAccount/acct_42_000005,DigitalLocation/dig_42_000013,2025-12-25T00:00:42Z,Transaction
35d5df917dda8eb31c63babb6552f49b,BankAccount/acct_42_000006,DigitalLocation/dig_42_000001,2025-12-04T00:00:42Z,Transaction
86be1a451bc57440b7aa0fa1634f3e62,BankAccount/acct_42_000007,DigitalLocation/dig_42_000022,2025-11-27T00:00:42Z,Transaction
563d6330a58df05b3b51acac8db25b1d,BankAccount/acct_42_000008,DigitalLocation/dig_42_000014,2025-12-01T00:00:42Z,Login
0de27b7f0bad1f35c80d6b7dbeb1528e,BankAccount/acct_42_000009,DigitalLocation/dig_42_000023,2025-11-07T00:00:42Z,Login
3c5594c0cd72833dd26f4c287975edab,BankAccount/acct_42_000010,DigitalLocation/dig_42_000003,2025-12-10T00:00:42Z,Login
14755b7c234c152ab93c1175a846e39b,BankAccount/acct_42_000011,DigitalLocation/dig_42_000006,2025-11-07T00:00:42Z,Transaction
20bfe9e29b418fa059fb4e5b4462522a,BankAccount/acct_42_000012,DigitalLocation/dig_42_000005,2025-11-09T00:00:42Z,Login
78ed02a8cb883e6e2fc7953903325640,BankAccount/acct_42_000013,DigitalLocation/dig_42_000023,2025-11-30T00:00:42Z,Transaction
60100d47eb6b837b40c4e504b2c47317,BankAccount/acct_42_000014,DigitalLocation/dig_42_000018,2025-11-05T00:00:42Z,Login
b0adbe65e2c9622d12677b9be1121052,BankAccount/acct_42_000015,DigitalLocation/dig_42_000018,2026-01-01T00:00:42Z,Login
d2f5201241e3031607b8dcf7997f75a9,BankAccount/acct_42_000016,DigitalLocation/dig_42_000013,2025-11-04T00:00:42Z,Login
6a1ef971404cfe0f9033016c0d844f78,BankAccount/acct_42_000017,DigitalLocation/dig_42_000007,2025-11-13T00:00:42Z,Transaction
821f3a3231965a277ad49982bea4680f,BankAccount/acct_42_000018,DigitalLocation/dig_42_000021,2025-12-26T00:00:42Z,Transaction
59b850456c58f5931d11364d524f352d,BankAccount/acct_42_000019,DigitalLocation/dig_42_000000,2025-12-14T00:00:42Z,Login
7d4672982a4b4e0d1091c3a372d1c21b,BankAccount/acct_42_000020,DigitalLocation/dig_42_000012,2025-12-09T00:00:42Z,Login
5beb2449e0d7cee2033066604215b23e,BankAccount/acct_42_000021,DigitalLocation/dig_42_000010,2025-12-23T00:00:42Z,Login
66ec55090de4d061be10242a2163b2e2,BankAccount/acct_42_000022,DigitalLocation/dig_42_000002,2025-12-03T00:00:42Z,Transaction
a5d1fe9e65ce5fd1cae66d0d02b46fd4,BankAccount/acct_42_000023,DigitalLocation/dig_42_000014,2025-11-22T00:00:42Z,Transaction
f1dfbe8bb6d74892c7e1aaabd7d6ac03,BankAccount/acct_42_000024,DigitalLocation/dig_42_000019,2025-11-20T00:00:42Z,Login
c7a6adbeb73f0ff7b238993b218fd885,BankAccount/acct_42_000025,DigitalLocation/dig_42_000010,2025-12-30T00:00:42Z,Transaction
42f5ec6d87ed6e2a82aebeb48cbb0987,BankAccount/acct_42_000026,DigitalLocation/dig_42_000010,2025-11-02T00:00:42Z,Login
5bc7a61fafa12aaf8cd62c7c03f55639,BankAccount/acct_42_000027,DigitalLocation/dig_42_000006,2025-11-07T00:00:42Z,Login
f3ac3febbd992d2c22b96083cf4fc6f4,BankAccount/acct_42_000028,DigitalLocation/dig_42_000025,2025-11-21T00:00:42Z,Transaction
7fb9577ab56fe80084c2393971eaa2e5,BankAccount/acct_42_000029,DigitalLocation/dig_42_000010,2025-11-11T00:00:42Z,Login
0aca5a15a0063d7267c8883eb509a95f,BankAccount/acct_42_000030,DigitalLocation/dig_42_000023,2025-12-28T00:00:42Z,Transaction
e4cefb89e94eb5e7e73160c59863b1c7,BankAccount/acct_42_000031,DigitalLocation/dig_42_000002,2025-12-07T00:00:42Z,Transaction
128e90dbd3d2fd1602e0ed5ee8a77080,BankAccount/acct_42_000032,DigitalLocation/dig_42_000005,2025-12-17T00:00:42Z,Transaction
ccc4be1e2ce55e33ec519019045cbc43,BankAccount/acct_42_000033,DigitalLocation/dig_42_000002,2025-12-31T00:00:42Z,Login
fb5ed271e7f2b8e74d4db406b03f162d,BankAccount/acct_42_000034,DigitalLocation/dig_42_000005,2025-12-08T00:00:42Z,Transaction
da4df95656d303589a27a201c2399aab,BankAccount/acct_42_000035,DigitalLocation/dig_42_000009,2025-11-21T00:00:42Z,Login
73d1b825af6cb75ec8656e96948a7b3c,BankAccount/acct_42_000036,DigitalLocation/dig_42_000003,2025-12-13T00:00:42Z,Transaction
9133a1b69bfaa98179a56e8f22b6dcb7,BankAccount/acct_42_000037,DigitalLocation/dig_42_000025,2025-12-05T00:00:42Z,Transaction
32018caa0f2d29dcd3ae051776744b7f,BankAccount/acct_42_000038,DigitalLocation/dig_42_000021,2025-11-24T00:00:42Z,Login
6adbf6bbe35c9d9620f42c64eab275f1,BankAccount/acct_42_000039,DigitalLocation/dig_42_000011,2025-11-20T00:00:42Z,Login
42dcd94ed7d74efc05324ee288394300,BankAccount/acct_42_000040,DigitalLocation/dig_42_000011,2025-11-30T00:00:42Z,Login
a95cb48b62f3313ad7023da0b13594c8,BankAccount/acct_42_000041,DigitalLocation/dig_42_000015,2025-12-04T00:00:42Z,Transaction
b3887134928c7e943f62c99e03603485,BankAccount/acct_42_000042,DigitalLocation/dig_42_000015,2025-12-15T00:00:42Z,Transaction
44bd2a54ca2e40c7c8b3c130503863a6,BankAccount/acct_42_000043,DigitalLocation/dig_42_000002,2025-11-14T00:00:42Z,Transaction
6432dbd94c22fb6bdd938c5f2998d533,BankAccount/acct_42_000044,DigitalLocation/dig_42_000025,2025-12-09T00:00:42Z,Login
def841848b496402a13062f714840d63,BankAccount/acct_42_000045,DigitalLocation/dig_42_000013,2025-11-22T00:00:42Z,Transaction
db8f7cc14d53a66c13d6fde21dace1cf,BankAccount/acct_42_000046,DigitalLocation/dig_42_000002,2025-12-30T00:00:42Z,Transaction
199b547a64ada3ece922df0336ebe7b0,BankAccount/acct_42_000047,DigitalLocation/dig_42_000014,2025-11-19T00:00:42Z,Login
be13926d5433322b4a2ac0f28186010e,BankAccount/acct_42_000048,DigitalLocation/dig_42_000020,2025-11-19T00:00:42Z,Login
8e17ee503cba2d9538e57fc70bc656ce,BankAccount/acct_42_000049,DigitalLocation/dig_42_000015,2025-11-29T00:00:42Z,Login
bb72069ec490af36f6eb7bedaf54aeba,BankAccount/acct_42_000050,DigitalLocation/dig_42_000009,2025-12-03T00:00:42Z,Transaction
47e6a0f3ba030d91eb12c05dc7ebe320,BankAccount/acct_42_000051,DigitalLocation/dig_42_000002,2025-11-04T00:00:42Z,Transaction
43c148b601f7a8da61676c9b1e43c8c5,BankAccount/acct_42_000052,DigitalLocation/dig_42_000009,2025-12-23T00:00:42Z,Login
fa470aefb651e5b9a582689ce0c9e108,BankAccount/acct_42_000053,DigitalLocation/dig_42_000021,2025-11-05T00:00:42Z,Transaction
581f21f75a8d1f6e7415c8fa4b4a41a8,BankAccount/acct_42_000054,DigitalLocation/dig_42_000007,2025-11-29T00:00:42Z,Transaction
6908a5979202d4ee1a7d882c26c47096,BankAccount/acct_42_000055,DigitalLocation/dig_42_000009,2025-11-26T00:00:42Z,Login
e2fd66130d5360b7e897ac5342efccb8,BankAccount/acct_42_000056,DigitalLocation/dig_42_000017,2025-12-28T00:00:42Z,Login
9a1e692fa4b3ed9452c26ba35f35407d,BankAccount/acct_42_000057,DigitalLocation/dig_42_000016,2025-12-26T00:00:42Z,Transaction
9625311aafae0877709a8cefb4d2d0ed,BankAccount/acct_42_000058,DigitalLocation/dig_42_000013,2025-12-26T00:00:42Z,Transaction
865e3a49127a01eb507a7797ea8b7600,BankAccount/acct_42_000059,DigitalLocation/dig_42_000021,2025-11-16T00:00:42Z,Transaction
494eb93cd491a60acc7ce91dd53ce7f7,BankAccount/acct_42_000060,DigitalLocation/dig_42_000011,2025-12-16T00:00:42Z,Login
610549c3e8646f9d96598fcb87b86908,BankAccount/acct_42_000061,DigitalLocation/dig_42_000024,2025-11-30T00:00:42Z,Login
23d30306e283795782c0245c5ed0905b,BankAccount/acct_42_000062,DigitalLocation/dig_42_000003,2025-11-15T00:00:42Z,Transaction
683839dcf102c2468d6890856f4b1589,BankAccount/acct_42_000063,DigitalLocation/dig_42_000005,2025-11-12T00:00:42Z,Login
3a75f1e3a546b636d2800ef8df116271,BankAccount/acct_42_000064,DigitalLocation/dig_42_000012,2025-12-30T00:00:42Z,Login
9ed22c3f0e6e2ec293cb4b580eca5659,BankAccount/acct_42_000065,DigitalLocation/dig_42_000013,2025-11-06T00:00:42Z,Transaction
e81b038835e8fb496ddfb6183eb2a305,BankAccount/acct_42_000066,DigitalLocation/dig_42_000010,2025-11-25T00:00:42Z,Transaction
2e98eab58bab539ebb893af3e32bd5bd,BankAccount/acct_42_000067,DigitalLocation/dig_42_000024,2025-11-20T00:00:42Z,Transaction
199de2a62e85d0e531354069070ff7ab,BankAccount/acct_42_000068,DigitalLocation/dig_42_000019,2025-11-11T00:00:42Z,Transaction
f26f1a3e67606f944218ed13b95ab037,BankAccount/acct_42_000069,DigitalLocation/dig_42_000010,2025-11-04T00:00:42Z,Login
cc4a2d45f08f6409d93a170146550058,BankAccount/acct_42_000070,DigitalLocation/dig_42_000006,2025-12-21T00:00:42Z,Login
3a1d1622e5942a29f3b9645ffa8d55ec,BankAccount/acct_42_000071,DigitalLocation/dig_42_000023,2025-11-24T00:00:42Z,Transaction
1951b6b53c0685caf62574475e7d23e3,BankAccount/acct_42_000072,DigitalLocation/dig_42_000021,2025-12-26T00:00:42Z,Transaction
dfbffe269fb238c931593fd0913b1374,BankAccount/acct_42_000073,DigitalLocation/dig_42_000017,2025-12-31T00:00:42Z,Login
7c39d35914e7b5ffe3b0513eba92700d,BankAccount/acct_42_000074,DigitalLocation/dig_42_000012,2025-12-25T00:00:42Z,Login
014761694b23a08631929d877cd2c414,BankAccount/acct_42_000075,DigitalLocation/dig_42_000005,2025-11-21T00:00:42Z,Transaction
9511106f414a39340291ade0a6b7a4a3,BankAccount/acct_42_000076,DigitalLocation/dig_42_000014,2025-11-18T00:00:42Z,Transaction
a0d9cca13872b20f01c2b7a8486092c6,BankAccount/acct_42_000077,DigitalLocation/dig_42_000021,2025-11-15T00:00:42Z,Transaction
713503ec7a32fec853d0503e3e882ef8,BankAccount/acct_42_000078,DigitalLocation/dig_42_000009,2025-11-23T00:00:42Z,Transaction
3b89de9c39008b5c054a48280fea4d76,BankAccount/acct_42_000079,DigitalLocation/dig_42_000022,2025-11-19T00:00:42Z,Transaction
efd32f1352339d01f578d6c2c943f901,BankAccount/acct_42_000080,DigitalLocation/dig_42_000025,2025-12-13T00:00:42Z,Login
86f5f949b0434e630df0f2e77e4bcba7,BankAccount/acct_42_000081,DigitalLocation/dig_42_000004,2025-12-24T00:00:42Z,Login
a1cd2a2aa36b9d69e780cc56a628d9b4,BankAccount/acct_42_000082,DigitalLocation/dig_42_000006,2025-12-25T00:00:42Z,Login
59c447d0229edf16d962d9261df70f1a,BankAccount/acct_42_000083,DigitalLocation/dig_42_000022,2025-12-20T00:00:42Z,Login
6861ca1bb5a036009fb7a8ff4992e47a,BankAccount/acct_42_000084,DigitalLocation/dig_42_000006,2025-12-02T00:00:42Z,Login
a603dcb1ac9306991d3457d31372a0f8,BankAccount/acct_42_000085,DigitalLocation/dig_42_000020,2025-12-17T00:00:42Z,Transaction
5faa80c7de8b037dd36a9ead712db981,BankAccount/acct_42_000086,DigitalLocation/dig_42_000020,2025-11-08T00:00:42Z,Login
51a18698ee1012cbb9d7cd254411bb5d,BankAccount/acct_42_000087,DigitalLocation/dig_42_000002,2025-12-13T00:00:42Z,Transaction
6b035ba23dd99839e59a64a2b791274d,BankAccount/acct_42_000088,DigitalLocation/dig_42_000004,2025-12-02T00:00:42Z,Transaction
eef4e6f8eb5542cf5c130b7598fa41ba,BankAccount/acct_42_000089,DigitalLocation/dig_42_000000,2025-12-25T00:00:42Z,Login
2755222061b9bec98af51714ba99f7f7,BankAccount/acct_42_000090,DigitalLocation/dig_42_000004,2025-11-15T00:00:42Z,Transaction
97c8cb4a3d8526d9d6d2ed0212165d9f,BankAccount/acct_42_000091,DigitalLocation/dig_42_000015,2025-12-02T00:00:42Z,Login
70e048788089becb9cbb87da7abf0551,BankAccount/acct_42_000092,DigitalLocation/dig_42_000014,2025-11-25T00:00:42Z,Login
0dc530ad3413e5eb3b92387e6075378a,BankAccount/acct_42_000093,DigitalLocation/dig_42_000006,2025-12-14T00:00:42Z,Transaction
b3c1bd8fcbbc50069cb031cdd79bc19a,BankAccount/acct_42_000094,DigitalLocation/dig_42_000001,2025-12-11T00:00:42Z,Login
61a5332b1ea6586b0f1fd03bbec6f59a,BankAccount/acct_42_000095,DigitalLocation/dig_42_000003,2025-11-22T00:00:42Z,Transaction
2ffafd301097dd2e03e11eb8d502015b,BankAccount/acct_42_000096,DigitalLocation/dig_42_000013,2025-11-08T00:00:42Z,Transaction
7752ddb55e272b52cb70d67be59a6bbc,BankAccount/acct_42_000097,DigitalLocation/dig_42_000023,2025-11-25T00:00:42Z,Transaction
9de7ecad4a697bc69730057b4bed827a,BankAccount/acct_42_000098,DigitalLocation/dig_42_000001,2025-12-01T00:00:42Z,Transaction
8944d3c0f2fadae46dfae8d076315f13,BankAccount/acct_42_000099,DigitalLocation/dig_42_000015,2025-11-30T00:00:42Z,Transaction
272c391763569573559467030119a490,BankAccount/acct_42_000150,DigitalLocation/dig_42_000007,2025-11-17T00:00:42Z,Login
d4e9290a5b490a378d81ce274991f3ff,BankAccount/acct_42_000151,DigitalLocation/dig_42_000016,2025-12-31T00:00:42Z,Transaction
c2c8fa45dee4e56eb9e259001efb0571,BankAccount/acct_42_000152,DigitalLocation/dig_42_000018,2025-12-12T00:00:42Z,Login
d341dbc13ed5d8f6d4d856d06bd9594c,BankAccount/acct_42_000153,DigitalLocation/dig_42_000008,2025-11-05T00:00:42Z,Transaction
007fe7edd6a50aeba6b01fe526c046fa,BankAccount/acct_42_000154,DigitalLocation/dig_42_000015,2025-12-25T00:00:42Z,Transaction
472bd60779c7ccd50404a2eb1e408495,BankAccount/acct_42_000155,DigitalLocation/dig_42_000019,2025-11-02T00:00:42Z,Transaction
d6c1cc868a96dcc8ca276302a3099a44,BankAccount/acct_42_000156,DigitalLocation/dig_42_000014,2025-11-18T00:00:42Z,Transaction
6a8c919329c23f969de62def03894b3f,BankAccount/acct_42_000157,DigitalLocation/dig_42_000000,2025-12-22T00:00:42Z,Transaction
80e85296d598b898b93553181a605c93,BankAccount/acct_42_000158,DigitalLocation/dig_42_000023,2025-12-20T00:00:42Z,Transaction
7450e4fdbfca2388a559a11b9c4506fc,BankAccount/acct_42_000159,DigitalLocation/dig_42_000011,2025-12-04T00:00:42Z,Login
b5540507e1f52880e256198160e05800,BankAccount/acct_42_000160,DigitalLocation/dig_42_000016,2025-12-18T00:00:42Z,Transaction
4d6ced1586e54538a234ff6d140c1954,BankAccount/acct_42_000161,DigitalLocation/dig_42_000019,2025-11-08T00:00:42Z,Transaction
51c682e0db60ceb619cf9b922a96c612,BankAccount/acct_42_000162,DigitalLocation/dig_42_000004,2025-11-06T00:00:42Z,Transaction
bbe4efa1e832e903038515dfe536553c,BankAccount/acct_42_000163,DigitalLocation/dig_42_000023,2025-11-17T00:00:42Z,Transaction
06fa90239e2e63a5049ada2c10ef319b,BankAccount/acct_42_000164,DigitalLocation/dig_42_000013,2025-11-09T00:00:42Z,Transaction
c77fd8408d41825479ed50f690cc70ff,BankAccount/acct_42_000165,DigitalLocation/dig_42_000025,2025-12-02T00:00:42Z,Login
a3918df044623fa23dd50d4989d36744,BankAccount/acct_42_000166,DigitalLocation/dig_42_000019,2025-12-19T00:00:42Z,Transaction
f0ccc1d0ad645511c8ad15a2286c8a33,BankAccount/acct_42_000167,DigitalLocation/dig_42_000022,2025-11-15T00:00:42Z,Login
2be99fbdf931c994c028fa633dfecbc9,BankAccount/acct_42_000168,DigitalLocation/dig_42_000021,2025-12-02T00:00:42Z,Login
d69fa4391c80ba7503249c6fac58574c,BankAccount/acct_42_000169,DigitalLocation/dig_42_000005,2025-12-20T00:00:42Z,Login
5173ae58418194041697d37a19258029,BankAccount/acct_42_000170,DigitalLocation/dig_42_000019,2025-12-01T00:00:42Z,Login
0e98ab5aec60b9eba67f92a145e667dd,BankAccount/acct_42_000171,DigitalLocation/dig_42_000025,2025-12-06T00:00:42Z,Transaction
82065465ab45b5222011227cacdb0921,BankAccount/acct_42_000172,DigitalLocation/dig_42_000009,2025-12-17T00:00:42Z,Login
d178fecfc56ef49ea95458fa44958c09,BankAccount/acct_42_000173,DigitalLocation/dig_42_000017,2025-12-29T00:00:42Z,Login
cb638d7965a1aaba3de66e83f26cb5a5,BankAccount/acct_42_000174,DigitalLocation/dig_42_000011,2025-11-06T00:00:42Z,Transaction
14794a8eefd1d04b1e6d1098f58f3a0f,BankAccount/acct_42_000175,DigitalLocation/dig_42_000011,2025-11-19T00:00:42Z,Login
44f7cb16e50bf4bace98ee8383074281,BankAccount/acct_42_000176,DigitalLocation/dig_42_000005,2025-11-10T00:00:42Z,Login
996dbfbae17123c7211c927465a9a1dd,BankAccount/acct_42_000177,DigitalLocation/dig_42_000025,2025-12-28T00:00:42Z,Transaction
d5959d1833d5452c29fceb620d388e89,BankAccount/acct_42_000178,DigitalLocation/dig_42_000013,2025-12-25T00:00:42Z,Login
1ca6dd74de3ae103aa409486a3ffc6ab,BankAccount/acct_42_000179,DigitalLocation/dig_42_000003,2025-11-27T00:00:42Z,Login
ba5225c010417e7cc929c10ed785b461,BankAccount/acct_42_000180,DigitalLocation/dig_42_000015,2025-12-16T00:00:42Z,Transaction
b4807dc75a32524b207a9d4242027a4a,BankAccount/acct_42_000181,DigitalLocation/dig_42_000025,2025-12-10T00:00:42Z,Login
3990dabccb10533f227aaf4c779e2940,BankAccount/acct_42_000182,DigitalLocation/dig_42_000024,2025-11-06T00:00:42Z,Transaction
cb2b2901dc60cd6a3b5b07a9f7879bd3,BankAccount/acct_42_000183,DigitalLocation/dig_42_000004,2025-11-08T00:00:42Z,Login
3518f81946c5739cb13b4d002c689949,BankAccount/acct_42_000184,DigitalLocation/dig_42_000022,2025-12-29T00:00:42Z,Transaction
4a80df0ed78f8229bea242d9b12b5421,BankAccount/acct_42_000185,DigitalLocation/dig_42_000025,2025-12-03T00:00:42Z,Login
b0481d0becade33bd2bdad65baff0fd7,BankAccount/acct_42_000186,DigitalLocation/dig_42_000003,2025-11-12T00:00:42Z,Login
2e5fb9390ea2e23b83ccb64c57e406eb,BankAccount/acct_42_000187,DigitalLocation/dig_42_000017,2025-12-30T00:00:42Z,Login
d6975c93f726a913e8b8a8dfaa2726e3,BankAccount/acct_42_000188,DigitalLocation/dig_42_000005,2025-11-22T00:00:42Z,Login
3e9483c2f02babb980c9065e4e3cf6b4,BankAccount/acct_42_000189,DigitalLocation/dig_42_000006,2025-11-04T00:00:42Z,Transaction
055819553bb3df24c04dc84415736309,BankAccount/acct_42_000190,DigitalLocation/dig_42_000005,2025-11-16T00:00:42Z,Transaction
e8510f6b0e8d767a7becf8775b0cb04f,BankAccount/acct_42_000191,DigitalLocation/dig_42_000022,2025-12-04T00:00:42Z,Transaction
c7315874efa0401e1dcea9ab298b1517,BankAccount/acct_42_000192,DigitalLocation/dig_42_000023,2025-11-07T00:00:42Z,Login
b183e6ce37f4c81a2057fcd7d92cb105,BankAccount/acct_42_000193,DigitalLocation/dig_42_000004,2025-11-21T00:00:42Z,Transaction
f5dcb4e662f7db291a4cdc878fbb9a65,BankAccount/acct_42_000194,DigitalLocation/dig_42_000010,2025-11-10T00:00:42Z,Login
7d292b56bdc606a8eee4c3665ad3fa3a,BankAccount/acct_42_000195,DigitalLocation/dig_42_000003,2025-11-08T00:00:42Z,Login
ecaffa419b5e4eccc50ecefcf0c40c2d,BankAccount/acct_42_000196,DigitalLocation/dig_42_000014,2025-12-06T00:00:42Z,Login
2684030868f99c778fb278ce33dc3ef2,BankAccount/acct_42_000197,DigitalLocation/dig_42_000007,2025-11-09T00:00:42Z,Transaction
7b91fd9e549cb1d5cc4bf64b898acd52,BankAccount/acct_42_000198,DigitalLocation/dig_42_000010,2025-12-14T00:00:42Z,Login
15c4a5aa166178e91db6fc31da0c8715,BankAccount/acct_42_000199,DigitalLocation/dig_42_000002,2025-12-15T00:00:42Z,Transaction
fbf6b822a79bfa928da351faea3b27c1,BankAccount/acct_42_000100,DigitalLocation/dig_42_000025,2025-12-31T00:00:42Z,Transaction
8dadadf2d52c1be6c694bd5fdd414275,BankAccount/acct_42_000101,DigitalLocation/dig_42_000025,2025-12-31T00:01:42Z,Transaction
7ce7aa6b601d89da455c26afc288371e,BankAccount/acct_42_000102,DigitalLocation/dig_42_000025,2025-12-31T00:02:42Z,Transaction
c85a6f64ac68ab41dffded6f87b0c0d7,BankAccount/acct_42_000103,DigitalLocation/dig_42_000025,2025-12-31T00:03:42Z,Transaction
912ce4ae4cec9a7bbe1c3c34d78664a5,BankAccount/acct_42_000104,DigitalLocation/dig_42_000025,2025-12-31T00:04:42Z,Transaction
53bba0e1cf366bcb2f2072ac5cfc9b21,BankAccount/acct_42_000105,DigitalLocation/dig_42_000025,2025-12-31T00:05:42Z,Transaction
4fdfa0c59cffe4aac5a4d7a8af2c82a6,BankAccount/acct_42_000106,DigitalLocation/dig_42_000025,2025-12-31T00:06:42Z,Transaction
e265a6dad1febf1104611a89ad8f671e,BankAccount/acct_42_000107,DigitalLocation/dig_42_000025,2025-12-31T00:07:42Z,Transaction
b31835d1a3abb0603eceb14ef680ab99,BankAccount/acct_42_000108,DigitalLocation/dig_42_000025,2025-12-31T00:08:42Z,Transaction
f6c960bb8f4f621eb4dcd230839c23ce,BankAccount/acct_42_000109,DigitalLocation/dig_42_000025,2025-12-31T00:09:42Z,Transaction
f818fb4e9339fc05edc8e7dc1aa007e8,BankAccount/acct_42_000110,DigitalLocation/dig_42_000025,2025-12-31T00:10:42Z,Transaction
ca8bc78fc170e1b9732c26b6a20ec588,BankAccount/acct_42_000111,DigitalLocation/dig_42_000025,2025-12-31T00:11:42Z,Transaction
0ad45c2bfbec4f92eb4bd834f5f513a1,BankAccount/acct_42_000112,DigitalLocation/dig_42_000025,2025-12-31T00:12:42Z,Transaction
80f3a2110730ef2d89697978132f6730,BankAccount/acct_42_000113,DigitalLocation/dig_42_000025,2025-12-31T00:13:42Z,Transaction
488d61eaa802ff8840ed3d741f841ad6,BankAccount/acct_42_000114,DigitalLocation/dig_42_000025,2025-12-31T00:14:42Z,Transaction
fd66f8e77048fc10d1dfc9377e843bb9,BankAccount/acct_42_000115,DigitalLocation/dig_42_000025,2025-12-31T00:15:42Z,Transaction
8aa80f115670f2c34ff5d240b2cef71a,BankAccount/acct_42_000116,DigitalLocation/dig_42_000025,2025-12-31T00:16:42Z,Transaction
6bb734815f9e7e8ceb8082b5a7a70e85,BankAccount/acct_42_000117,DigitalLocation/dig_42_000025,2025-12-31T00:17:42Z,Transaction
f128d5a84a70409e11a9ac2d7b8e2c69,BankAccount/acct_42_000118,DigitalLocation/dig_42_000025,2025-12-31T00:18:42Z,Transaction
13804b4fe97c780bbd0639abefa4c2c5,BankAccount/acct_42_000119,DigitalLocation/dig_42_000025,2025-12-31T00:19:42Z,Transaction
2840ba251c113ffac0368511e1684622,BankAccount/acct_42_000120,DigitalLocation/dig_42_000025,2025-12-31T00:20:42Z,Transaction
ef6d49bc5545d8bf2c83d2d22c4b5e24,BankAccount/acct_42_000121,DigitalLocation/dig_42_000025,2025-12-31T00:21:42Z,Transaction
6812ec912af678b67be05ea92a30264c,BankAccount/acct_42_000122,DigitalLocation/dig_42_000025,2025-12-31T00:22:42Z,Transaction
c1a8e64479477f804ecc7b2fc506c27c,BankAccount/acct_42_000123,DigitalLocation/dig_42_000025,2025-12-31T00:23:42Z,Transaction
aa92c4cdd75d011e12d37e01d74767d6,BankAccount/acct_42_000124,DigitalLocation/dig_42_000025,2025-12-31T00:24:42Z,Transaction
a980e2c7b9b35b510d05863936aab2f7,BankAccount/acct_42_000125,DigitalLocation/dig_42_000025,2025-12-31T00:25:42Z,Transaction
9a5c186704e31b2f4889c6c2a1c8dd7a,BankAccount/acct_42_000126,DigitalLocation/dig_42_000025,2025-12-31T00:26:42Z,Transaction
6101ac1c8e79c740689b0ee8b49ae3fc,BankAccount/acct_42_000127,DigitalLocation/dig_42_000025,2025-12-31T00:27:42Z,Transaction
141400bbb32b108822b0c95e3a257222,BankAccount/acct_42_000128,DigitalLocation/dig_42_000025,2025-12-31T00:28:42Z,Transaction
20829a8d7cd6a9e81662f07ab648b8b3,BankAccount/acct_42_000129,DigitalLocation/dig_42_000025,2025-12-31T00:29:42Z,Transaction
7e6949a20c6a916baf80cf6167d42ccd,BankAccount/acct_42_000130,DigitalLocation/dig_42_000025,2025-12-31T00:30:42Z,Transaction
02aeee77ea2988dac0643ca396122a1b,BankAccount/acct_42_000131,DigitalLocation/dig_42_000025,2025-12-31T00:31:42Z,Transaction
03301af254ac84646ae812e42b0bec66,BankAccount/acct_42_000132,DigitalLocation/dig_42_000025,2025-12-31T00:32:42Z,Transaction
6a8feded1022d8dccc09bb6d66709967,BankAccount/acct_42_000133,DigitalLocation/dig_42_000025,2025-12-31T00:33:42Z,Transaction
80b8b58cd9f85f3397cbd93108407795,BankAccount/acct_42_000134,DigitalLocation/dig_42_000025,2025-12-31T00:34:42Z,Transaction
2b90a600eb3d9b7adaae230987205af9,BankAccount/acct_42_000135,DigitalLocation/dig_42_000025,2025-12-31T00:35:42Z,Transaction
5d210d69b930effc10c206710801a70f,BankAccount/acct_42_000136,DigitalLocation/dig_42_000025,2025-12-31T00:36:42Z,Transaction
c5e90955b35b6fbbb419d02e7be95eda,BankAccount/acct_42_000137,DigitalLocation/dig_42_000025,2025-12-31T00:37:42Z,Transaction
f55cde2e17e51e152fe1be8af8688580,BankAccount/acct_42_000138,DigitalLocation/dig_42_000025,2025-12-31T00:38:42Z,Transaction
dd5d2e7120a5f87b8b2b92cd1c9d7ef2,BankAccount/acct_42_000139,DigitalLocation/dig_42_000025,2025-12-31T00:39:42Z,Transaction
0d90e23ddbd917e195b15010eecc4266,BankAccount/acct_42_000140,DigitalLocation/dig_42_000025,2025-12-31T00:40:42Z,Transaction
ff973c53b165dd2456a43422e234b5c5,BankAccount/acct_42_000141,DigitalLocation/dig_42_000025,2025-12-31T00:41:42Z,Transaction
d29ef9ed43ff40423e13d29868339003,BankAccount/acct_42_000142,DigitalLocation/dig_42_000025,2025-12-31T00:42:42Z,Transaction
a9137848ac63dd9056a5335687d553d0,BankAccount/acct_42_000143,DigitalLocation/dig_42_000025,2025-12-31T00:43:42Z,Transaction
d5ebadb0c40e2ecb09323d4ed50aeb7c,BankAccount/acct_42_000144,DigitalLocation/dig_42_000025,2025-12-31T00:44:42Z,Transaction
3f06d655f16f544d40ff48b1a801ee97,BankAccount/acct_42_000145,DigitalLocation/dig_42_000025,2025-12-31T00:45:42Z,Transaction
69aa722337a0cfc4b7b56cdf7edaf5ce,BankAccount/acct_42_000146,DigitalLocation/dig_42_000025,2025-12-31T00:46:42Z,Transaction
31111d0178320c00d6f2a01e81aa44d4,BankAccount/acct_42_000147,DigitalLocation/dig_42_000025,2025-12-31T00:47:42Z,Transaction
dee022b0225ca9d610bc114d5e71e908,BankAccount/acct_42_000148,DigitalLocation/dig_42_000025,2025-12-31T00:48:42Z,Transaction
c844581dd7fbd3c1be7e3bb44d67ba22,BankAccount/acct_42_000149,DigitalLocation/dig_42_000025,2025-12-31T00:49:42Z,Transaction
